task,rf,gcn,gat
bbb_martins,0.9489208661071489,0.9714300376699823,0.9210711236579714
cyp2c19_veith,0.8195057159885825,0.8280962350946552,0.8226602547849624
