task,rf,gcn,gat
caco2_wang,0.8911371237761051,1.4361266831826562,0.887945985129595
Half_Life_Obach,0.8828418327623888,1.2419618416183758,1.117912175896056
